PK;NOMBRE;DESCRIPCION-ENTIDAD;HORARIO;EQUIPAMIENTO;TRANSPORTE;DESCRIPCION;ACCESIBILIDAD;CONTENT-URL;NOMBRE-VIA;CLASE-VIAL;TIPO-NUM;NUM;PLANTA;PUERTA;ESCALERAS;ORIENTACION;LOCALIDAD;PROVINCIA;CODIGO-POSTAL;COD-BARRIO;BARRIO;COD-DISTRITO;DISTRITO;COORDENADA-X;COORDENADA-Y;LATITUD;LONGITUD;TELEFONO;FAX;EMAIL;TIPO;
84763;"Centro Comunitario Casino de la Reina";"";"De apertura   De lunes a viernes, de 8:30 a 21:30 horas Sábados, de 10 a 15 horas y de 16 a 21:30 horas Domingos cerrado.   De atención de los Trabajadores Sociales Comunitarios (no es necesaria cita previa)   Lunes a jueves, de 9 a 19 horas Viernes, de 9 a 14 horas Julio y agosto, de 9 a 15 horas.";"Orientación sobre recursos sociales a vecinos. Lugar de encuentro y espacio de trabajo compartido de los agentes sociales que trabajan en la cobertura de las necesidades sociales del distrito Centro. Información y asesoramiento a asociaciones y colectivos para la puesta en marcha de actividades sociales. Talleres grupales gratuitos realizados por el Departamento de Servicios Sociales de distrito Centro, otras Administración Pública y/o asociaciones, dirigidos a menores, jóvenes, familias y adultos. Apoyo en el desarrollo de proyectos sociales, ofreciendo acompañamiento técnico y facilitando el uso de espacios. Actividades y talleres grupales.   Beneficiarios: Vecinos y asociaciones del Distrito Centro.";"Metro: Embajadores (líneas 3 y 5)  Bus: M1, 148, 41, 60, C03, C1  Renfe: Embajadores (C5)       Aparcamiento: Casino de la Reina (19), C/ Casino";"";"1";"http://www.madrid.es/sites/v/index.jsp?vgnextchannel=bfa48ab43d6bb410VgnVCM100000171f5a0aRCRD&vgnextoid=326f38d60b41c010VgnVCM2000000c205a0aRCRD";"CASINO";"CALLE";"V";"3";"";"";"";"";"MADRID";"MADRID";"28005";"2";"EMBAJADORES";"1";"CENTRO";"440213";"4473147";"40.406792648617134";"-3.7046086019457167";"91 539 63 10";"";"cccreina@madrid.es";"/contenido/entidadesYorganismos/CentrosAtencionSocial/CentrosServiciosSociales"; 
10269952;"Centro Socio Comunitario Colonias Históricas";"Se constituye como un lugar abierto a toda la ciudadanía, de todas las edades y perfiles, intergeneracional y de todos los sectores sociales, que tiene una naturaleza polivalente en cuanto a objetivos y potencial pues permite la satisfacción de necesidades de muy diferente tipo, la adquisición de habilidades y aprendizajes y el encuentro, la comunicación y la organización a través de lo que las propias entidades participantes proponen. Un espacio donde se trabaja lo común y desde un enfoque transversal haciendo que todo se entrecruce. Un lugar cercano y de referencia para la ciudadanía que precisamente por eso permite la detección más eficaz de necesidades. Un espacio que facilita el desarrollo de la comunidad con la implicación de la propia comunidad en todo su desarrollo.";"De lunes a sábados de 8:00 a 21:00 horas.";"Twitter: @JMDchamartin";"Bus: 7, 11, 40, 52, 87";"Estamos ante un espacio:   Abierto, donde se fomenta la participación ciudadana, los recursos y habilidades de las asociaciones de vecinos del distrito y las entidades sociales a través del trabajo en red.  Integrador de actividades de la iniciativa municipal y social.  Dinamizador de la vida social y facilitador de la integración.  Para la convivencia de las distintas iniciativas del Distrito.";"1";"http://www.madrid.es/sites/v/index.jsp?vgnextchannel=bfa48ab43d6bb410VgnVCM100000171f5a0aRCRD&vgnextoid=fc8e5fb87db5a510VgnVCM2000001f4a900aRCRD";"ENRIQUE JARDIEL PONCELA";"CALLE";"V";"8";"";"";"";"";"MADRID";"MADRID";"28016";"5";"NUEVA ESPAÑA";"5";"CHAMARTIN";"443189";"4479129";"40.460889951689694";"-3.6700725698826675";"915 884 936";"";"coloniashistoricas@madrid.es";"/contenido/entidadesYorganismos/CentrosAtencionSocial/CentrosServiciosSociales"; 
11962;"Centro de Servicios Sociales Badalona";"Para recibir atención en el centro de servicios sociales, debe solicitar cita previa.  Para pedir la cita puede utilizar cualquiera de las alternativas que le ofrece Línea Madrid:    Internet en Atención Servicios Sociales           Chat online de www.madrid.es    Redes sociales  @lineamadrid de Twitter y Facebook   Teléfono 010  o marcando el 915 298 210 si llama desde fuera del municipio de Madrid.  También puede solicitar cita a través del  correo electrónico o el teléfono del centro de servicios sociales en horario de 9 a 14 horas de lunes a viernes. Si necesita saber qué centro le corresponde a su zona, puede consultarlo en el siguiente listado organizado por distritos.";"";"Información, orientación y asesoramiento sobre derechos y recursos sociales. Tramitación y gestión de servicios sociales municipales (ayudas a domicilio, teleasistencia, centros de día municipales, pisos tutelados, etc.) y prestaciones económicas necesarias en la intervención social. Gestión y tramitación de servicios y prestaciones de la Comunidad de Madrid (dependencia, residencias de mayores, discapacitados, mujer, menores, etc.) Renta Mínima de Inserción (RMI) y diferentes prestaciones económicas de inserción social. Información y gestión de los programas de prevención dirigidos a menores, adolescentes, personas adultas, mayores, etc.";"Metro: Fuencarral (línea 10)  Bus: 66, 125, 137 y 178";"Ámbito de actuación   Barrio Pilar (excepto algunas calles a consultar en el Centro de Servicios Sociales) Barrio La Paz Barrio Valverde Barrio Mirasierra (excepto algunas calles a consultar en el Centro de Servicios Sociales) Barrio El Goloso";"1";"http://www.madrid.es/sites/v/index.jsp?vgnextchannel=bfa48ab43d6bb410VgnVCM100000171f5a0aRCRD&vgnextoid=7e42d4985261c010VgnVCM1000000b205a0aRCRD";"BADALONA";"CALLE";"NUM";"122";"";"";"";"";"MADRID";"MADRID";"28034";"6";"VALVERDE";"8";"FUENCARRAL-EL PARDO";"440962";"4482775";"40.49357929928593";"-3.696677139485103";"917 355 510 (Centralita) / 917 355 511 (Cita previa)";"";"cssbadalona@madrid.es";"/contenido/entidadesYorganismos/CentrosAtencionSocial/CentrosServiciosSociales"; 
11977;"Centro de Servicios Sociales Calahorra";"Para recibir atención en el centro de servicios sociales, debe solicitar cita previa.  Para pedir la cita puede utilizar cualquiera de las alternativas que le ofrece Línea Madrid:    Internet en Atención Servicios Sociales           Chat online de www.madrid.es    Redes sociales  @lineamadrid de Twitter y Facebook   Teléfono 010 o marcando el 915 298 210 si llama desde fuera del municipio de Madrid.  También puede solicitar cita a través del correo electrónico o el teléfono del centro de servicios sociales en horario de 9 a 14 horas de lunes a viernes. Si necesita saber qué centro le corresponde a su zona, puede consultarlo en el siguiente listado organizado por distritos.";"";"Información, orientación y asesoramiento sobre derechos y recursos sociales. Tramitación y gestión de servicios sociales municipales (ayudas a domicilio, teleasistencia, centros de día municipales, pisos tutelados, etc.) y prestaciones económicas necesarias en la intervención social. Gestión y tramitación de servicios y prestaciones de la Comunidad de Madrid (dependencia, residencias de mayores, discapacitados, mujer, menores, etc.) Renta Mínima de Inserción (RMI) y diferentes prestaciones económicas de inserción social. Información y gestión de los programas de prevención dirigidos a menores, adolescentes, personas adultas, mayores, etc.";"Metro: Vicálvaro (línea 9)  Bus: 4, 100, 106, 130, E3";"";"1";"http://www.madrid.es/sites/v/index.jsp?vgnextchannel=bfa48ab43d6bb410VgnVCM100000171f5a0aRCRD&vgnextoid=11b966051361c010VgnVCM1000000b205a0aRCRD";"CALAHORRA";"CALLE";"V";"11";"";"";"";"";"MADRID";"MADRID";"28032";"";"AMBROZ";"";"VICALVARO";"448008";"4473095";"40.406847513994755";"-3.6127431819124416";"917 753 150";"";"csscalahorra@madrid.es";"/contenido/entidadesYorganismos/CentrosAtencionSocial/CentrosServiciosSociales"; 
11978;"Centro de Servicios Sociales Concepción Arenal";"Para recibir atención en el centro de servicios sociales, debe solicitar cita previa.  Para pedir la cita puede utilizar cualquiera de las alternativas que le ofrece Línea Madrid:    Internet en Atención Servicios Sociales           Chat online de www.madrid.es    Redes sociales  @lineamadrid de Twitter y Facebook   Teléfono 010  o marcando el 915 298 210 si llama desde fuera del municipio de Madrid.  También puede solicitar cita a través del correo electrónico o el teléfono del centro de servicios sociales en horario de 9 a 14 horas de lunes a viernes. Si necesita saber qué centro le corresponde a su zona, puede consultarlo en el siguiente listado organizado por distritos.";"";"Información, orientación y asesoramiento sobre derechos y recursos sociales. Tramitación y gestión de servicios sociales municipales (ayudas a domicilio, teleasistencia, centros de día municipales, pisos tutelados, etc.) y prestaciones económicas necesarias en la intervención social. Gestión y tramitación de servicios y prestaciones de la Comunidad de Madrid (dependencia, residencias de mayores, discapacitados, mujer, menores, etc.) Renta Mínima de Inserción (RMI) y diferentes prestaciones económicas de inserción social. Información y gestión de los programas de prevención dirigidos a menores, adolescentes, personas adultas, mayores, etc.";"Metro: Canillas (línea 4), Mar de Cristal (líneas 4 y 8)   Bus:  73, 120, 125, 172, 87";"Ámbito de actuación   Barrio Palomas Barrio Piovera Barrio Canillas Barrio Pinar del Rey Barrio Apóstol Santiago Barrio Valdefuentes";"1";"http://www.madrid.es/sites/v/index.jsp?vgnextchannel=bfa48ab43d6bb410VgnVCM100000171f5a0aRCRD&vgnextoid=ca8966051361c010VgnVCM1000000b205a0aRCRD";"JAVIER DEL QUINTO";"CALLE";"V";"12";"";"";"";"";"MADRID";"MADRID";"28043";"3";"CANILLAS";"16";"HORTALEZA";"445557";"4479741";"40.46655261519155";"-3.6422084742926653";"913821561";"";"csscarenal@madrid.es";"/contenido/entidadesYorganismos/CentrosAtencionSocial/CentrosServiciosSociales"; 
11961;"Centro de Servicios Sociales Dehesa de la Villa.";"Para recibir atención en el centro de servicios sociales, debe solicitar cita previa.  Para pedir la cita puede utilizar cualquiera de las alternativas que le ofrece Línea Madrid:    Internet  en Atención Servicios Sociales           Chat online de www.madrid.es   Redes sociales  @lineamadrid de Twitter y Facebook   Teléfono 010  o marcando el 915 298 210 si llama desde fuera del municipio de Madrid.  También puede solicitar cita a través del correo electrónico o el teléfono del centro de servicios sociales en horario de 9 a 14 horas de lunes a viernes. Si necesita saber qué centro le corresponde a su zona, puede consultarlo en el siguiente listado organizado por distritos.";"";"Información, orientación y asesoramiento sobre derechos y recursos sociales. Tramitación y gestión de servicios sociales municipales (ayudas a domicilio, teleasistencia, centros de día municipales, pisos tutelados, etc.) y prestaciones económicas necesarias en la intervención social. Gestión y tramitación de servicios y prestaciones de la Comunidad de Madrid (dependencia, residencias de mayores, discapacitados, mujer, menores, etc.) Renta Mínima de Inserción (RMI) y diferentes prestaciones económicas de inserción social. Información y gestión de los programas de prevención dirigidos a menores, adolescentes, personas adultas, mayores, etc.";"Metro: Antonio Machado (línea 7), Valdezarza (línea 7)  Bus: 126, 127 y 132";"Ámbito de actuación   Barrio Ciudad Universitaria Barrio Valdezarza";"1";"http://www.madrid.es/sites/v/index.jsp?vgnextchannel=bfa48ab43d6bb410VgnVCM100000171f5a0aRCRD&vgnextoid=67d966051361c010VgnVCM1000000b205a0aRCRD";"ANTONIO MACHADO";"CALLE";"V";"22";"";"";"";"";"MADRID";"MADRID";"28035";"4";"VALDEZARZA";"9";"MONCLOA-ARAVACA";"439004";"4479853";"40.46711526748946";"-3.7195114936540987";"913 730 224";"";"cssdehesavilla@madrid.es";"/contenido/entidadesYorganismos/CentrosAtencionSocial/CentrosServiciosSociales"; 
11954;"Centro de Servicios Sociales Eduardo Minguito";"Para recibir atención en el centro de servicios sociales, debe solicitar cita previa.  Para pedir la cita puede utilizar cualquiera de las alternativas que le ofrece Línea Madrid:    Internet en Atención Servicios Sociales           Chat online de www.madrid.es    Redes sociales  @lineamadrid de Twitter y Facebook   Teléfono 010  o marcando el 915 298 210 si llama desde fuera del municipio de Madrid.  También puede solicitar cita a través del correo electrónico o el teléfono del centro de servicios sociales en horario de 9 a 14 horas de lunes a viernes. Si necesita saber qué centro le corresponde a su zona, puede consultarlo en el siguiente listado organizado por distritos.";"";"Información, orientación y asesoramiento sobre derechos y recursos sociales. Tramitación y gestión de servicios sociales municipales (ayudas a domicilio, teleasistencia, centros de día municipales, pisos tutelados, etc.) y prestaciones económicas necesarias en la intervención social. Gestión y tramitación de servicios y prestaciones de la Comunidad de Madrid (dependencia, residencias de mayores, discapacitados, mujer, menores, etc.) Renta Mínima de Inserción (RMI) y diferentes prestaciones económicas de inserción social. Información y gestión de los programas de prevención dirigidos a menores, adolescentes, personas adultas, mayores, etc.";"Metro: Villaverde Bajo Cruce (línea 3)  Bus : 85, 123  Renfe : Villaverde Bajo";"Ámbito de actuación   Barrio de San Cristóbal Barrio de Butarque Barrio de Los Rosales";"1";"http://www.madrid.es/sites/v/index.jsp?vgnextchannel=bfa48ab43d6bb410VgnVCM100000171f5a0aRCRD&vgnextoid=6c3c66051361c010VgnVCM1000000b205a0aRCRD";"LEONOR GONGORA";"CALLE";"V";"62";"";"";"";"";"MADRID";"MADRID";"28021";"4";"LOS ROSALES";"17";"VILLAVERDE";"441697";"4466671";"40.34854935708132";"-3.686539661954902";"914 672 445 / 914 058 725 / 917 109 552 / 914 672 321";"";"csseduardominguito@madrid.es";"/contenido/entidadesYorganismos/CentrosAtencionSocial/CentrosServiciosSociales"; 
7829427;"Centro de Servicios Sociales El Querol";"Para recibir atención en el centro de servicios sociales, debe solicitar cita previa.  Para pedir la cita puede utilizar cualquiera de las alternativas que le ofrece Línea Madrid:    Internet en Atención Servicios Sociales           Chat online de www.madrid.es    Redes sociales  @lineamadrid de Twitter y Facebook   Teléfono 010  o marcando el 915 298 210 si llama desde fuera del municipio de Madrid.  También puede solicitar cita a través del correo electrónico o el teléfono del centro de servicios sociales en horario de 9 a 14 horas de lunes a viernes. Si necesita saber qué centro le corresponde a su zona, puede consultarlo en el siguiente listado organizado por distritos.";"";"Información, orientación y asesoramiento sobre derechos y recursos sociales. Tramitación y gestión de servicios sociales municipales (ayudas a domicilio, teleasistencia, centros de día municipales, pisos tutelados, etc.) y prestaciones económicas necesarias en la intervención social. Gestión y tramitación de servicios y prestaciones de la Comunidad de Madrid (dependencia, residencias de mayores, discapacitados, mujer, menores, etc.) Renta Mínima de Inserción (RMI) y diferentes prestaciones económicas de inserción social. Información y gestión de los programas de prevención dirigidos a menores, adolescentes, personas adultas, mayores, etc.";"Metro: Manoteras (línea 4)  Bus: 129, 29 y 7";"Ámbito de actuación   Barrio de Valdefuentes (Valedebebas, Sanchinarro y Virgen del Cortijo. 'Cárcavas' sección 096, se atiende en el Centro Concepción Arenal) Barrio de Apostol Santiago, parcial (Manoteras) Barrio Pinar del Rey, parcial (U.V.A de Hortaleza)";"1";"http://www.madrid.es/sites/v/index.jsp?vgnextchannel=bfa48ab43d6bb410VgnVCM100000171f5a0aRCRD&vgnextoid=3ffc666934dda410VgnVCM2000000c205a0aRCRD";"VELEZ RUBIO";"CALLE";"V";"1";"";"";"";"";"MADRID";"MADRID";"28033";"5";"APOSTOL SANTIAGO";"16";"HORTALEZA";"443725";"4480817";"40.47612370683221";"-3.6639006166974073";"913846546";"";"csscarenal@madrid.es";"/contenido/entidadesYorganismos/CentrosAtencionSocial/CentrosServiciosSociales"; 
11957;"Centro de Servicios Sociales Entrevías";"Para recibir atención en el centro de servicios sociales, debe solicitar cita previa.  Para pedir la cita puede utilizar cualquiera de las alternativas que le ofrece Línea Madrid:    Internet en Atención Servicios Sociales           Chat online de www.madrid.es    Redes sociales  @lineamadrid de Twitter y Facebook   Teléfono 010  o marcando el 915 298 210 si llama desde fuera del municipio de Madrid.  También puede solicitar cita a través del correo electrónico o el teléfono del centro de servicios sociales en horario de 9 a 14 horas de lunes a viernes. Si necesita saber qué centro le corresponde a su zona, puede consultarlo en el siguiente listado organizado por distritos.";"";"Información, orientación y asesoramiento sobre derechos y recursos sociales.   Tramitación y gestión de  servicios sociales municipales (ayudas a domicilio, teleasistencia, centros de día municipales, pisos tutelados, etc.) y prestaciones económicas necesarias en la intervención social. Gestión y tramitación de  servicios y prestaciones de la Comunidad de Madrid (dependencia, residencias de mayores, discapacitad, mujer, menores, etc.) Renta Mínima de Inserción (RMI) y diferentes prestaciones económicas de inserción social. Información y gestión de los  programas de prevención  dirigidos a menores, adolescentes, personas adultas, mayores, etc.  Zona wifi.";"Bus: 102, 103 y 111  Renfe: Asamblea de Madrid-Entrevías";"Ambito de actuación   Barrios Entrevias Barrio el Pozo";"1";"http://www.madrid.es/sites/v/index.jsp?vgnextchannel=bfa48ab43d6bb410VgnVCM100000171f5a0aRCRD&vgnextoid=bdf966051361c010VgnVCM1000000b205a0aRCRD";"YUSTE";"CALLE";"V";"8";"";"";"";"";"MADRID";"MADRID";"28053";"1";"ENTREVIAS";"13";"PUENTE DE VALLECAS";"443185";"4469752";"40.37641666740886";"-3.6692821142332264";"915 079 271 Cita previa: este teléfono estará operativo de 9 a 14 horas.";"";"cssentrevias@madrid.es";"/contenido/entidadesYorganismos/CentrosAtencionSocial/CentrosServiciosSociales"; 
11979;"Centro de Servicios Sociales Fuente Carrantona";"Para recibir atención en el centro de servicios sociales, debe solicitar cita previa.  Para pedir la cita puede utilizar cualquiera de las alternativas que le ofrece Línea Madrid:    Internet en Atención Servicios Sociales           Chat online de www.madrid.es   Redes sociales  @lineamadrid de Twitter y Facebook   Teléfono 010 o marcando el 915 298 210 si llama desde fuera del municipio de Madrid.  También puede solicitar cita a través del correo electrónico o el teléfono del centro de servicios sociales en horario de 9 a 14 horas de lunes a viernes. Si necesita saber qué centro le corresponde a su zona, puede consultarlo en el siguiente listado organizado por distritos.";"";"Información, orientación y asesoramiento sobre derechos y recursos sociales. Tramitación y gestión de servicios sociales municipales (ayudas a domicilio, teleasistencia, centros de día municipales, pisos tutelados, etc.) y prestaciones económicas necesarias en la intervención social. Gestión y tramitación de servicios y prestaciones de la Comunidad de Madrid (dependencia, residencias de mayores, discapacidad, mujer, menores, etc.) Renta Mínima de Inserción (RMI) y diferentes prestaciones económicas de inserción social. Información y gestión de los programas de prevención dirigidos a menores, adolescentes, personas adultas, mayores, etc.";"Metro:  Pavones (línea 9)   Bus: 8, 20, 30, 32, 71, 100, 140, 142 y 144";"Ámbito de actuación   Barrio Pavones Barrio Horcajo Barrio Marroquina Barrio Media Legua Barrio Fontarrón Barrio Vinateros";"1";"http://www.madrid.es/sites/v/index.jsp?vgnextchannel=bfa48ab43d6bb410VgnVCM100000171f5a0aRCRD&vgnextoid=042a66051361c010VgnVCM1000000b205a0aRCRD";"FUENTE CARRANTONA";"CALLE";"V";"12";"";"";"";"";"MADRID";"MADRID";"28030";"1";"PAVONES";"14";"MORATALAZ";"446082";"4472549";"40.40179722425483";"-3.6354058846496793";"915 887 462 / 915 887 469 / 915 880 462";"";"cssfcarrantona@madrid.es";"/contenido/entidadesYorganismos/CentrosAtencionSocial/CentrosServiciosSociales"; 
6255479;"Centro de Servicios Sociales Fuerte de Navidad";"Para recibir atención en el centro de servicios sociales, debe solicitar cita previa.  Para pedir la cita puede utilizar cualquiera de las alternativas que le ofrece Línea Madrid:    Internet en Atención Servicios Sociales           Chat online de www.madrid.es   Redes sociales  @lineamadrid de Twitter y Facebook   Teléfono 010 o marcando el 915 298 210 si llama desde fuera del municipio de Madrid.  También puede solicitar cita a través del correo electrónico o el teléfono del centro de servicios sociales en horario de 9 a 14 horas de lunes a viernes. Si necesita saber qué centro le corresponde a su zona, puede consultarlo en el siguiente listado organizado por distritos.";"";"Información, orientación y asesoramiento sobre derechos y recursos sociales. Tramitación y gestión de servicios sociales municipales (ayudas a domicilio, teleasistencia, centros de día municipales, pisos tutelados, etc.) y prestaciones económicas necesarias en la intervención social. Gestión y tramitación de servicios y prestaciones de la Comunidad de Madrid (dependencia, residencias de mayores, discapacidad, mujer, menores, etc.) Renta Mínima de Inserción (RMI) y diferentes prestaciones económicas de inserción social. Información y gestión de los programas de prevención dirigidos a menores, adolescentes, personas adultas, mayores, etc.";"Metro:  Aluche (línea 5)  Bus: 17, 34, 117 y 155  Renfe: Fanjul";"Ámbito de actuación   Barrio Las Aguilas Barrio Campamento Barrio Cuatro Vientos Barrio de Aluche";"0";"http://www.madrid.es/sites/v/index.jsp?vgnextchannel=bfa48ab43d6bb410VgnVCM100000171f5a0aRCRD&vgnextoid=ff96857d40ef3310VgnVCM1000000b205a0aRCRD";"FUERTE DE NAVIDAD";"CALLE";"V";"15";"";"";"";"";"MADRID";"MADRID";"28044";"7";"LAS AGUILAS";"10";"LATINA";"435003";"4470279";"40.380566072889415";"-3.7657241589764547";"914 800 367";"";"cssfuertedenavidad@madrid.es";"/contenido/entidadesYorganismos/CentrosAtencionSocial/CentrosServiciosSociales"; 
11981;"Centro de Servicios Sociales Gallur";"Para recibir atención en el centro de servicios sociales, debe solicitar cita previa.  Para pedir la cita puede utilizar cualquiera de las alternativas que le ofrece Línea Madrid:    Internet en Atención Servicios Sociales           Chat online de www.madrid.es   Redes sociales  @lineamadrid de Twitter y Facebook   Teléfono 010 o marcando el 915 298 210 si llama desde fuera del municipio de Madrid.  También puede solicitar cita a través del correo electrónico o el teléfono del centro de servicios sociales en horario de 9 a 14 horas de lunes a viernes. Si necesita saber qué centro le corresponde a su zona, puede consultarlo en el siguiente listado organizado por distritos.";"";"Información, orientación y asesoramiento sobre derechos y recursos sociales. Tramitación y gestión de servicios sociales municipales (ayudas a domicilio, teleasistencia, centros de día municipales, pisos tutelados, etc.) y prestaciones económicas necesarias en la intervención social. Gestión y tramitación de servicios y prestaciones de la Comunidad de Madrid (dependencia, residencias de mayores, discapacidad, mujer, menores, etc.) Renta Mínima de Inserción (RMI) y diferentes prestaciones económicas de inserción social. Información y gestión de los programas de prevención dirigidos a menores, adolescentes, personas adultas, mayores, etc.";"Metro:  Laguna (línea 6)   Bus: 17, 25, 31, 55 y 119   Renfe:  Laguna";"Ámbito de actuación   Barrio Los Carmenes Barrio Puerta del Ángel";"0";"http://www.madrid.es/sites/v/index.jsp?vgnextchannel=bfa48ab43d6bb410VgnVCM100000171f5a0aRCRD&vgnextoid=a07a66051361c010VgnVCM1000000b205a0aRCRD";"GALLUR";"CALLE";"V";"24";"";"";"";"";"MADRID";"MADRID";"28047";"1";"LOS CARMENES";"10";"LATINA";"437097";"4472157";"40.39763562192633";"-3.741242653897222";"914 220 340";"";"cssgallur@madrid.es";"/contenido/entidadesYorganismos/CentrosAtencionSocial/CentrosServiciosSociales"; 
11966;"Centro de Servicios Sociales Guindalera";"Para recibir atención en el centro de servicios sociales, debe solicitar cita previa.  Para pedir la cita puede utilizar cualquiera de las alternativas que le ofrece Línea Madrid:    Internet en Atención Servicios Sociales           Chat online de www.madrid.es   Redes sociales  @lineamadrid de Twitter y Facebook   Teléfono 010 o marcando el 915 298 210 si llama desde fuera del municipio de Madrid.  También puede solicitar cita a través del correo electrónico o el teléfono del centro de servicios sociales en horario de 9 a 14 horas de lunes a viernes. Si necesita saber qué centro le corresponde a su zona, puede consultarlo en el siguiente listado organizado por distritos.";"";"Información, orientación y asesoramiento sobre derechos y recursos sociales. Tramitación y gestión de servicios sociales municipales (ayudas a domicilio, teleasistencia, centros de día municipales, pisos tutelados, etc.) y prestaciones económicas necesarias en la intervención social. Gestión y tramitación de servicios y prestaciones de la Comunidad de Madrid (dependencia, residencias de mayores, discapacidad, mujer, menores, etc.) Renta Mínima de Inserción (RMI) y diferentes prestaciones económicas de inserción social. Información y gestión de los programas de prevención dirigidos a menores, adolescentes, personas adultas, mayores, etc.";"Metro:  Diego de Leon (líneas 4, 5 y 6)  Bus: 1, 43, 48 y 74";"Ámbito de actuación   Barrio Recoletos Barrio Goya Barrio Fuente del Berro Barrio Guindalera Barrio Lista Barrio Castellana";"1";"http://www.madrid.es/sites/v/index.jsp?vgnextchannel=bfa48ab43d6bb410VgnVCM100000171f5a0aRCRD&vgnextoid=f69a66051361c010VgnVCM1000000b205a0aRCRD";"PILAR DE ZARAGOZA";"CALLE";"V";"28";"";"";"";"";"MADRID";"MADRID";"28028";"4";"GUINDALERA";"4";"SALAMANCA";"443247";"4476088";"40.43349910050292";"-3.6691167784691703";"917 130 701";"";"cssguindalera@madrid.es";"/contenido/entidadesYorganismos/CentrosAtencionSocial/CentrosServiciosSociales"; 
5886896;"Centro de Servicios Sociales Huerta de Villaverde";"Para recibir atención en el centro de servicios sociales, debe solicitar cita previa.  Para pedir la cita puede utilizar cualquiera de las alternativas que le ofrece Línea Madrid:    Internet en Atención Servicios Sociales           Chat online de www.madrid.es   Redes sociales  @lineamadrid de Twitter y Facebook   Teléfono 010 o marcando el 915 298 210 si llama desde fuera del municipio de Madrid.  También puede solicitar cita a través del correo electrónico o el teléfono del centro de servicios sociales en horario de 9 a 14 horas de lunes a viernes. Si necesita saber qué centro le corresponde a su zona, puede consultarlo en el siguiente listado organizado por distritos.  Acceso al centro por calle Arroyo Bueno, 53.";"";"Información, orientación y asesoramiento sobre derechos y recursos sociales. Tramitación y gestión de servicios sociales municipales (ayudas a domicilio, teleasistencia, centros de día municipales, pisos tutelados, etc.) y prestaciones económicas necesarias en la intervención social. Gestión y tramitación de servicios y prestaciones de la Comunidad de Madrid (dependencia, residencias de mayores, discapacidad, mujer, menores, etc.) Renta Mínima de Inserción (RMI) y diferentes prestaciones económicas de inserción social. Información y gestión de los programas de prevención dirigidos a menores, adolescentes, personas adultas, mayores, etc.";"Bus: 22, 76, 79, 86, 131  Renfe: Puente Alcocer  El Centro esta ubicado en el mismo edificio de la Junta Municipal de Villaverde, y su entrada se encuentra en la fachada trasera.";"Ámbito de actuación   Barrio de San Andrés Barrio de Los Ángeles";"1";"http://www.madrid.es/sites/v/index.jsp?vgnextchannel=bfa48ab43d6bb410VgnVCM100000171f5a0aRCRD&vgnextoid=9ecc8ef4e77ac210VgnVCM1000000b205a0aRCRD";"HUERTA DE VILLAVERDE (JUNTA MUNICIPAL DISTRITO)";"CALLE";"V";"16";"";"";"";"";"MADRID";"MADRID";"28021";"";"SAN ANDRES";"";"VILLAVERDE";"439766";"4466637";"40.348114880237965";"-3.7092727813976794";"915 887 794 / 915 888 900";"";"csshuertavillaverde@madrid.es";"/contenido/entidadesYorganismos/CentrosAtencionSocial/CentrosServiciosSociales"; 
7667734;"Centro de Servicios Sociales Infante Don Juan";"Para recibir atención en el centro de servicios sociales, debe solicitar cita previa.  Para pedir la cita puede utilizar cualquiera de las alternativas que le ofrece Línea Madrid:    Internet en Atención Servicios Sociales           Chat online de www.madrid.es   Redes sociales  @lineamadrid de Twitter y Facebook   Teléfono 010 o marcando el 915 298 210 si llama desde fuera del municipio de Madrid.  También puede solicitar cita a través del correo electrónico o el teléfono del centro de servicios sociales en horario de 9 a 14 horas de lunes a viernes. Si necesita saber qué centro le corresponde a su zona, puede consultarlo en el siguiente listado organizado por distritos.";"";"Información, orientación y asesoramiento sobre derechos y recursos sociales. Tramitación y gestión de servicios sociales municipales (ayudas a domicilio, teleasistencia, centros de día municipales, pisos tutelados, etc.) y prestaciones económicas necesarias en la intervención social. Gestión y tramitación de servicios y prestaciones de la Comunidad de Madrid (dependencia, residencias de mayores, discapacidad, mujer, menores, etc.) Renta Mínima de Inserción (RMI) y diferentes prestaciones económicas de inserción social. Información y gestión de los programas de prevención dirigidos a menores, adolescentes, personas adultas, mayores, etc.";"Metro:  Moncloa (líneas 6 y 3)  Bus: 1, 44, 46, 82, 83, 132, 133, G, A";"Ámbito de actuación   Barrio Casa de Campo Barrio Arg&amp;uuml;elles Barrio Valdemarín Barrio El Plantio Barrio Aravaca";"1";"http://www.madrid.es/sites/v/index.jsp?vgnextchannel=bfa48ab43d6bb410VgnVCM100000171f5a0aRCRD&vgnextoid=3fc5a816a34e8410VgnVCM2000000c205a0aRCRD";"MORET";"PASEO";"V";"3";"";"";"";"";"MADRID";"MADRID";"28008";"2";"ARGUELLES";"9";"MONCLOA-ARAVACA";"438711";"4476120";"40.433465487818346";"-3.72259533193486";"915 886 913";"";"socimoncloa@madrid.es";"/contenido/entidadesYorganismos/CentrosAtencionSocial/CentrosServiciosSociales"; 
11970;"Centro de Servicios Sociales José Villarreal";"Para recibir atención en el centro de servicios sociales, debe solicitar cita previa.  Para pedir la cita puede utilizar cualquiera de las alternativas que le ofrece Línea Madrid:    Internet en Atención Servicios Sociales           Chat online de www.madrid.es   Redes sociales  @lineamadrid de Twitter y Facebook   Teléfono 010 o marcando el 915 298 210 si llama desde fuera del municipio de Madrid.  También puede solicitar cita a través del correo electrónico o el teléfono del centro de servicios sociales en horario de 9 a 14 horas de lunes a viernes. Si necesita saber qué centro le corresponde a su zona, puede consultarlo en el siguiente listado organizado por distritos.";"";"Información, orientación y asesoramiento sobre derechos y recursos sociales. Tramitación y gestión de servicios sociales municipales (ayudas a domicilio, teleasistencia, centros de día municipales, pisos tutelados, etc.) y prestaciones económicas necesarias en la intervención social. Gestión y tramitación de servicios y prestaciones de la Comunidad de Madrid (dependencia, residencias de mayores, discapacidad, mujer, menores, etc.) Renta Mínima de Inserción (RMI) y diferentes prestaciones económicas de inserción social. Información y gestión de los programas de prevención dirigidos a menores, adolescentes, personas adultas, mayores, etc.";"Metro: Legazpi (lineas 3 y 6)  Bus: 8, 16, 18, 19, 45, 47, 59, 62, 76, 78, 85, 86, 148, 247.";"Ámbito de actuación   Barrio Imperial Barrio Acacias Barrio Chopera Barrio Legazpi Barrio Delicias Barrio Palos de Moguer Barrio Atocha";"1";"http://www.madrid.es/sites/v/index.jsp?vgnextchannel=bfa48ab43d6bb410VgnVCM100000171f5a0aRCRD&vgnextoid=746966051361c010VgnVCM1000000b205a0aRCRD";"GUILLERMO DE OSMA";"CALLE";"V";"14";"";"";"";"";"MADRID";"MADRID";"28045";"3";"CHOPERA";"2";"ARGANZUELA";"440953";"4471932";"40.39401854488283";"-3.697052144961612";"915 177 217 / 915 177 224 / 915 177 225";"";"cssjvillarreal@madrid.es";"/contenido/entidadesYorganismos/CentrosAtencionSocial/CentrosServiciosSociales"; 
4821180;"Centro de Servicios Sociales Loyola de Palacio";"Para recibir atención en el centro de servicios sociales, debe solicitar cita previa.  Para pedir la cita puede utilizar cualquiera de las alternativas que le ofrece Línea Madrid:    Internet en Atención Servicios Sociales           Chat online de www.madrid.es   Redes sociales  @lineamadrid de Twitter y Facebook   Teléfono 010 o marcando el 915 298 210 si llama desde fuera del municipio de Madrid.  También puede solicitar cita a través del correo electrónico o el teléfono del centro de servicios sociales en horario de 9 a 14 horas de lunes a viernes. Si necesita saber qué centro le corresponde a su zona, puede consultarlo en el siguiente listado organizado por distritos.";"";"Información, orientación y asesoramiento sobre  derechos y recursos sociales . Tramitación y gestión de  servicios sociales municipales (ayudas a domicilio, teleasistencia, centros de día municipales, pisos tutelados, etc.) y prestaciones económicas necesarias en la intervención social. Gestión y tramitación de servicios y prestaciones de la Comunidad de Madrid (dependencia, residencias de mayores, discapacitados, mujer, menores, etc.) Renta Mínima de Inserción (RMI) y diferentes prestaciones económicas de inserción social. Información y gestión de los programas de prevención dirigidos a menores, adolescentes, personas adultas, mayores, etc.";"Metro: San Fermín-Orcasur (línea 3)  Bus: 18, 22, 23, 59, 78, 79, 85, 86, 123 y 130";"Ámbito de actuación   Barrio de San Fermín Barrio de Orcasur";"1";"http://www.madrid.es/sites/v/index.jsp?vgnextchannel=bfa48ab43d6bb410VgnVCM100000171f5a0aRCRD&vgnextoid=a4bea27cd8978110VgnVCM1000000b205a0aRCRD";"DE LA SILVINA";"CALLE";"V";"10";"2ª";"";"";"";"MADRID";"MADRID";"28041";"3";"SAN FERMIN";"12";"USERA";"441276";"4468645";"40.36631185725801";"-3.6916666866352674";"915 006 846 / 915 000 071";"";"cssloyolap@madrid.es";"/contenido/entidadesYorganismos/CentrosAtencionSocial/CentrosServiciosSociales"; 
11955;"Centro de Servicios Sociales Luis Vives";"Para recibir atención en el centro de servicios sociales, debe solicitar cita previa.  Para pedir la cita puede utilizar cualquiera de las alternativas que le ofrece Línea Madrid:    Internet en Atención Servicios Sociales           Chat online de www.madrid.es   Redes sociales  @lineamadrid de Twitter y Facebook   Teléfono 010 o marcando el 915 298 210 si llama desde fuera del municipio de Madrid.  También puede solicitar cita a través del correo electrónico o el teléfono del centro de servicios sociales en horario de 9 a 14 horas de lunes a viernes. Si necesita saber qué centro le corresponde a su zona, puede consultarlo en el siguiente listado organizado por distritos.";"";"Información, orientación y asesoramiento sobre derechos y recursos sociales. Tramitación y gestión de servicios sociales municipales (ayudas a domicilio, teleasistencia, centros de día municipales, pisos tutelados, etc.) y prestaciones económicas necesarias en la intervención social. Gestión y tramitación de servicios y prestaciones de la Comunidad de Madrid (dependencia, residencias de mayores, discapacidad, mujer, menores, etc.) Renta Mínima de Inserción (RMI) y diferentes prestaciones económicas de inserción social. Información y gestión de los programas de prevención dirigidos a menores, adolescentes, personas adultas, mayores, etc.";"Metro: Simancas (línea 7)  Bus: 4, 38, 48, 70 y 109";"Ámbito de actuación   Barrio Ventas Barrio Quintana Barrio Concepción Barrio San Pascual Barrio San Juan Bautista Barrio Colina Barrio Atalaya Barrio Costillares";"1";"http://www.madrid.es/sites/v/index.jsp?vgnextchannel=bfa48ab43d6bb410VgnVCM100000171f5a0aRCRD&vgnextoid=4dba66051361c010VgnVCM1000000b205a0aRCRD";"HERMANOS GARCIA NOBLEJAS";"CALLE";"V";"160";"";"";"";"";"MADRID";"MADRID";"28037";"2";"PUEBLO NUEVO";"15";"CIUDAD LINEAL";"446677";"4475004";"40.42396009441367";"-3.6285825877315347";"914 402 360";"";"cssluisvives@madrid.es";"/contenido/entidadesYorganismos/CentrosAtencionSocial/CentrosServiciosSociales"; 
174917;"Centro de Servicios Sociales Maravillas";"Para recibir atención en el centro de servicios sociales, debe solicitar cita previa.  Para pedir la cita puede utilizar cualquiera de las alternativas que le ofrece Línea Madrid:    Internet en Atención Servicios Sociales           Chat online de www.madrid.es   Redes sociales  @lineamadrid de Twitter y Facebook   Teléfono 010 o marcando el 915 298 210 si llama desde fuera del municipio de Madrid.  También puede solicitar cita a través del correo electrónico o el teléfono del centro de servicios sociales en horario de 9 a 14 horas de lunes a viernes. Si necesita saber qué centro le corresponde a su zona, puede consultarlo en el siguiente listado organizado por distritos.";"";"Información, orientación y asesoramiento sobre derechos y recursos sociales. Tramitación y gestión de servicios sociales municipales (ayudas a domicilio, teleasistencia, centros de día municipales, pisos tutelados, etc.) y prestaciones económicas necesarias en la intervención social. Gestión y tramitación de servicios y prestaciones de la Comunidad de Madrid (dependencia, residencias de mayores, discapacidad, mujer, menores, etc.) Renta Mínima de Inserción (RMI) y diferentes prestaciones económicas de inserción social. Información y gestión de los programas de prevención dirigidos a menores, adolescentes, personas adultas, mayores, etc.";"Metro: Tribunal (líneas 1 y 10)  Bus: 40, 149 y M2";"Ámbito de actuación   Barrio Universidad Barrio Justicia Barrio Cortes Barrio Sol";"0";"http://www.madrid.es/sites/v/index.jsp?vgnextchannel=bfa48ab43d6bb410VgnVCM100000171f5a0aRCRD&vgnextoid=06fd14c4d661c010VgnVCM1000000b205a0aRCRD";"SAN JOAQUIN";"CALLE";"V";"10";"";"";"";"";"MADRID";"MADRID";"28004";"5";"UNIVERSIDAD";"1";"CENTRO";"440495";"4475124";"40.42461360444157";"-3.7014702220707294";"915 888 818";"";"cssmaravillas@madrid.es";"/contenido/entidadesYorganismos/CentrosAtencionSocial/CentrosServiciosSociales"; 
11963;"Centro de Servicios Sociales Marta Esquivias Tallada";"Para recibir atención en el centro de servicios sociales, debe solicitar cita previa.  Para pedir la cita puede utilizar cualquiera de las alternativas que le ofrece Línea Madrid:    Internet en Atención Servicios Sociales           Chat online de www.madrid.es    Redes sociales  @lineamadrid de Twitter y Facebook   Teléfono 010 o marcando el 915 298 210 si llama desde fuera del municipio de Madrid.  También puede solicitar cita a través del correo electrónico o el teléfono del centro de servicios sociales en horario de 9 a 14 horas de lunes a viernes. Si necesita saber qué centro le corresponde a su zona, puede consultarlo en el siguiente listado organizado por distritos.";"";"Información, orientación y asesoramiento sobre derechos y recursos sociales. Tramitación y gestión de servicios sociales municipales (ayudas a domicilio, teleasistencia, centros de día municipales, pisos tutelados, etc.) y prestaciones económicas necesarias en la intervención social. Gestión y tramitación de servicios y prestaciones de la Comunidad de Madrid (dependencia, residencias de mayores, discapacidad, mujer, menores, etc.) Renta Mínima de Inserción (RMI) y diferentes prestaciones económicas de inserción social. Información y gestión de los programas de prevención dirigidos a menores, adolescentes, personas adultas, mayores, etc.";"Metro:  Quevedo (línea 2), Moncloa (líneas 3 y 6) y Arg&amp;uuml;elles (líneas 3, 4 y 6)  Bus: 2, 16, 61";"Ámbito de actuación   Barrio Gaztambide Barrio Arapiles Barrio Trafalgar Barrio Almagro Barrio Rios Rosas Barrio Vallehermoso";"1";"http://www.madrid.es/sites/v/index.jsp?vgnextchannel=bfa48ab43d6bb410VgnVCM100000171f5a0aRCRD&vgnextoid=5a4a66051361c010VgnVCM1000000b205a0aRCRD";"PONTEVEDRA";"CALLE";"V";"1";"";"";"";"";"MADRID";"MADRID";"28015";"2";"ARAPILES";"7";"CHAMBERI";"439739";"4476233";"40.43455855726328";"-3.7104868511329454";"915 499 900 / 91 549 99 34 / 91 549 99 36 / 91 549 99 44";"";"csschamberi@madrid.es";"/contenido/entidadesYorganismos/CentrosAtencionSocial/CentrosServiciosSociales"; 
55076;"Centro de Servicios Sociales María Zayas";"Para recibir atención en el centro de servicios sociales, debe solicitar cita previa.  Para pedir la cita puede utilizar cualquiera de las alternativas que le ofrece Línea Madrid:    Internet en Atención Servicios Sociales           Chat online de www.madrid.es   Redes sociales  @lineamadrid de Twitter y Facebook   Teléfono 010  o marcando el 915 298 210 si llama desde fuera del municipio de Madrid.  También puede solicitar cita a través del correo electrónico o el teléfono del centro de servicios sociales en horario de 9 a 14 horas de lunes a viernes. Si necesita saber qué centro le corresponde a su zona, puede consultarlo en el siguiente listado organizado por distritos.";"";"Información, orientación y asesoramiento sobre derechos y recursos sociales. Tramitación y gestión de servicios sociales municipales (ayudas a domicilio, teleasistencia, centros de día municipales, pisos tutelados, etc.) y prestaciones económicas necesarias en la intervención social. Gestión y tramitación de servicios y prestaciones de la Comunidad de Madrid (dependencia, residencias de mayores, discapacidad, mujer, menores, etc.) Renta Mínima de Inserción (RMI) y diferentes prestaciones económicas de inserción social. Información y gestión de los programas de prevención dirigidos a menores, adolescentes, personas adultas, mayores, etc.";"Metro: Tetuán (línea 1)  Bus: 11, 66 y 124";"Ámbito de actuación   Barrio de Bellas Vistas Barrio de Cuatro Caminos Barrio de Berruguete Barrio Castillejos (compartido con el Centro de Servicios Sociales Vicente Ferrer)";"1";"http://www.madrid.es/sites/v/index.jsp?vgnextchannel=bfa48ab43d6bb410VgnVCM100000171f5a0aRCRD&vgnextoid=5a56b3e42751c010VgnVCM2000000c205a0aRCRD";"MARIA ZAYAS";"TRAVESIA";"V";"11";"";"";"";"";"MADRID";"MADRID";"28039";"6";"BERRUGUETE";"6";"TETUAN";"440536";"4478984";"40.459398038881886";"-3.7013601236182874";"914 492 140 / 914 492 141";"";"cssmariazayas@madrid.es";"/contenido/entidadesYorganismos/CentrosAtencionSocial/CentrosServiciosSociales"; 
11959;"Centro de Servicios Sociales Monseñor Óscar Romero";"Para recibir atención en el centro de servicios sociales, debe solicitar cita previa.  Para pedir la cita puede utilizar cualquiera de las alternativas que le ofrece Línea Madrid:    Internet en Atención Servicios Sociales           Chat online de www.madrid.es   Redes sociales  @lineamadrid de Twitter y Facebook   Teléfono 010 o marcando el 915 298 210 si llama desde fuera del municipio de Madrid.  También puede solicitar cita a través del correo electrónico o el teléfono del centro de servicios sociales en horario de 9 a 14 horas de lunes a viernes. Si necesita saber qué centro le corresponde a su zona, puede consultarlo en el siguiente listado organizado por distritos.";"";"Información, orientación y asesoramiento sobre derechos y recursos sociales. Tramitación y gestión de servicios sociales municipales (ayudas a domicilio, teleasistencia, centros de día municipales, pisos tutelados, etc.) y prestaciones económicas necesarias en la intervención social. Gestión y tramitación de servicios y prestaciones de la Comunidad de Madrid (dependencia, residencias de mayores, discapacidad, mujer, menores, etc.) Renta Mínima de Inserción (RMI) y diferentes prestaciones económicas de inserción social. Información y gestión de los programas de prevención dirigidos a menores, adolescentes, personas adultas, mayores, etc.";"Metro: Eugenia de Montijo (línea 5)  Bus: 17, 34, 35 y 108";"Ámbito de actuación   Barrio Vista Alegre Barrio Buenavista Barrio Puerta Bonita ( excepto algunas calles a consultar en el Centro de Servicios Sociales) Barrio de Abrantes  (excepto algunas calles a consultar en el Centro de Servicios Sociales )";"1";"http://www.madrid.es/sites/v/index.jsp?vgnextchannel=bfa48ab43d6bb410VgnVCM100000171f5a0aRCRD&vgnextoid=93ea66051361c010VgnVCM1000000b205a0aRCRD";"MONSEÑOR OSCAR ROMERO";"CALLE";"V";"42";"";"";"";"";"MADRID";"MADRID";"28025";"4";"VISTA ALEGRE";"11";"CARABANCHEL";"436806";"4470408";"40.381857918294784";"-3.744486133499755";"913 602 980 / 913 602 981";"";"cssmor@madrid.es";"/contenido/entidadesYorganismos/CentrosAtencionSocial/CentrosServiciosSociales"; 
5211604;"Centro de Servicios Sociales Pablo Casals";"Para recibir atención en el centro de servicios sociales, debe solicitar cita previa.  Para pedir la cita puede utilizar cualquiera de las alternativas que le ofrece Línea Madrid:    Internet en Atención Servicios Sociales           Chat online de www.madrid.es   Redes sociales  @lineamadrid de Twitter y Facebook   Teléfono 010  o marcando el 915 298 210 si llama desde fuera del municipio de Madrid.  También puede solicitar cita a través del correo electrónico o el teléfono del centro de servicios sociales en horario de 9 a 14 horas de lunes a viernes. Si necesita saber qué centro le corresponde a su zona, puede consultarlo en el siguiente listado organizado por distritos.";"";"Información, orientación y asesoramiento sobre derechos y recursos sociales. Tramitación y gestión de servicios sociales municipales (ayudas a domicilio, teleasistencia, centros de día municipales, pisos tutelados, etc.) y prestaciones económicas necesarias en la intervención social. Gestión y tramitación de servicios y prestaciones de la Comunidad de Madrid (dependencia, residencias de mayores, discapacidad, mujer, menores, etc.) Renta Mínima de Inserción (RMI) y diferentes prestaciones económicas de inserción social. Información y gestión de los programas de prevención dirigidos a menores, adolescentes, personas adultas, mayores, etc.";"Metro:  San Blas (línea 7), Simancas (línea 7)   Bus:  4, 38, 48, 153";"Ámbito de actuación   Barrio de Hellín Barrio de Amposta Barrio de Arcos Barrio de Las Rosas";"1";"http://www.madrid.es/sites/v/index.jsp?vgnextchannel=bfa48ab43d6bb410VgnVCM100000171f5a0aRCRD&vgnextoid=f2b7e6ad5aade110VgnVCM1000000b205a0aRCRD";"POBLADURA DEL VALLE";"CALLE";"V";"13";"";"";"";"";"MADRID";"MADRID";"28037";"3";"AMPOSTA";"20";"SAN BLAS-CANILLEJAS";"447439";"4475240";"40.42612627597509";"-3.6196258294576653";"917 609 840 / 917 609 790 Esta línea sólo será atendida en horario de mañana";"";"csspablocasals@madrid.es";"/contenido/entidadesYorganismos/CentrosAtencionSocial/CentrosServiciosSociales"; 
11972;"Centro de Servicios Sociales Pablo Neruda";"Para recibir atención en el centro de servicios sociales, debe solicitar cita previa.  Para pedir la cita puede utilizar cualquiera de las alternativas que le ofrece Línea Madrid:    Internet en Atención Servicios Sociales           Chat online de www.madrid.es    Redes sociales  @lineamadrid de Twitter y Facebook   Teléfono 010  o marcando el 915 298 210 si llama desde fuera del municipio de Madrid.  También puede solicitar cita a través del correo electrónico o el teléfono del centro de servicios sociales en horario de 9 a 14 horas de lunes a viernes. Si necesita saber qué centro le corresponde a su zona, puede consultarlo en el siguiente listado organizado por distritos.";"";"Información, orientación y asesoramiento sobre derechos y recursos sociales. Tramitación y gestión de servicios sociales municipales (ayudas a domicilio, teleasistencia, centros de día municipales, pisos tutelados, etc.) y prestaciones económicas necesarias en la intervención social. Gestión y tramitación de servicios y prestaciones de la Comunidad de Madrid (dependencia, residencias de mayores, discapacidad, mujer, menores, etc.) Renta Mínima de Inserción (RMI) y diferentes prestaciones económicas de inserción social. Información y gestión de los programas de prevención dirigidos a menores, adolescentes, personas adultas, mayores, etc.";"Metro: Miguel Hernández (línea 1)  Bus: 10, 57, 144 y 310";"Ámbito de actuación   Barrio  Palomeras Sureste Barrio Portazgo (compartido con el Centro de Servicios Sociales Ramón Perez de Ayala)";"1";"http://www.madrid.es/sites/v/index.jsp?vgnextchannel=bfa48ab43d6bb410VgnVCM100000171f5a0aRCRD&vgnextoid=e90b66051361c010VgnVCM1000000b205a0aRCRD";"GERARDO DIEGO";"CALLE";"NUM";"8";"";"";"";"";"MADRID";"MADRID";"28018";"4";"PALOMERAS SURESTE";"13";"PUENTE DE VALLECAS";"445300";"4470710";"40.385179370371446";"-3.6444628142076514";"913 806 840 Cita previa: este teléfono estará operativo de 9 a 14 horas.";"";"csspabloneruda@madrid.es";"/contenido/entidadesYorganismos/CentrosAtencionSocial/CentrosServiciosSociales"; 
165907;"Centro de Servicios Sociales Plaza Elíptica";"Para recibir atención en el centro de servicios sociales, debe solicitar cita previa.  Para pedir la cita puede utilizar cualquiera de las alternativas que le ofrece Línea Madrid:    Internet en Atención Servicios Sociales           Chat online de www.madrid.es    Redes sociales  @lineamadrid de Twitter y Facebook   Teléfono 010  o marcando el 915 298 210 si llama desde fuera del municipio de Madrid.  También puede solicitar cita a través del correo electrónico o el teléfono del centro de servicios sociales en horario de 9 a 14 horas de lunes a viernes. Si necesita saber qué centro le corresponde a su zona, puede consultarlo en el siguiente listado organizado por distritos.";"";"Información, orientación y asesoramiento sobre derechos y recursos sociales. Tramitación y gestión de servicios sociales municipales (ayudas a domicilio, teleasistencia, centros de día municipales, pisos tutelados, etc.) y prestaciones económicas necesarias en la intervención social. Gestión y tramitación de servicios y prestaciones de la Comunidad de Madrid (dependencia, residencias de mayores, discapacidad, mujer, menores, etc.) Renta Mínima de Inserción (RMI) y diferentes prestaciones económicas de inserción social. Información y gestión de los programas de prevención dirigidos a menores, adolescentes, personas adultas, mayores, etc.";"Metro: Plaza Elíptica (líneas 6 y 11)   Bus:  47, 55, 60, 81, 116, 155, 247 y E1";"Actividades   Orientadas a la integración social      Ámbito de actuación   Barrio Comillas Barrio Opañel Barrio Abrantes";"1";"http://www.madrid.es/sites/v/index.jsp?vgnextchannel=bfa48ab43d6bb410VgnVCM100000171f5a0aRCRD&vgnextoid=19369475d381c010VgnVCM1000000b205a0aRCRD";"ANTONIO DE LEYVA";"CALLE";"V";"86";"";"";"";"";"MADRID";"MADRID";"28019";"2";"OPAÑEL";"11";"CARABANCHEL";"439113";"4470871";"40.386209559998555";"-3.717365633719129";"915 655 660 / 915 655 661";"";"cssplazaeliptica@madrid.es";"/contenido/entidadesYorganismos/CentrosAtencionSocial/CentrosServiciosSociales"; 
11965;"Centro de Servicios Sociales Puerta de Toledo";"Para recibir atención en el centro de servicios sociales, debe solicitar cita previa.  Para pedir la cita puede utilizar cualquiera de las alternativas que le ofrece Línea Madrid:    Internet en Atención Servicios Sociales           Chat online de www.madrid.es    Redes sociales  @lineamadrid de Twitter y Facebook   Teléfono 010 o marcando el 915 298 210 si llama desde fuera del municipio de Madrid.  También puede solicitar cita a través del correo electrónico o el teléfono del centro de servicios sociales en horario de 9 a 14 horas de lunes a viernes. Si necesita saber qué centro le corresponde a su zona, puede consultarlo en el siguiente listado organizado por distritos.";"";"Información, orientación y asesoramiento sobre derechos y recursos sociales. Tramitación y gestión de servicios sociales municipales (ayudas a domicilio, teleasistencia, centros de día municipales, pisos tutelados, etc.) y prestaciones económicas necesarias en la intervención social. Gestión y tramitación de servicios y prestaciones de la Comunidad de Madrid (dependencia, residencias de mayores, discapacidad, mujer, menores, etc.) Renta Mínima de Inserción (RMI) y diferentes prestaciones económicas de inserción social. Información y gestión de los programas de prevención dirigidos a menores, adolescentes, personas adultas, mayores, etc.";"Metro: Puerta Toledo (línea 5)  Bus: 3, 17 , 18 , 23 , 35, 41, 60, 148, C1 y C2.";"Ámbito de actuación:   Barrio Embajadores Barrio Palacio";"1";"http://www.madrid.es/sites/v/index.jsp?vgnextchannel=bfa48ab43d6bb410VgnVCM100000171f5a0aRCRD&vgnextoid=303b66051361c010VgnVCM1000000b205a0aRCRD";"PALOMA";"CALLE";"V";"39";"";"";"";"";"MADRID";"MADRID";"28005";"1";"PALACIO";"1";"CENTRO";"439623";"4473248";"40.40765084302009";"-3.711582703514813";"915 885 067 / 915 885 068 / 915 885 069";"";"cssptoledo@madrid.es";"/contenido/entidadesYorganismos/CentrosAtencionSocial/CentrosServiciosSociales"; 
11973;"Centro de Servicios Sociales Ramón Pérez de Ayala";"Para recibir atención en el centro de servicios sociales, debe solicitar cita previa.  Para pedir la cita puede utilizar cualquiera de las alternativas que le ofrece Línea Madrid:    Internet en Atención Servicios Sociales           Chat online de www.madrid.es    Redes sociales  @lineamadrid de Twitter y Facebook   Teléfono 010  o marcando el 915 298 210 si llama desde fuera del municipio de Madrid.  También puede solicitar cita a través del correo electrónico o el teléfono del centro de servicios sociales en horario de 9 a 14 horas de lunes a viernes. Si necesita saber qué centro le corresponde a su zona, puede consultarlo en el siguiente listado organizado por distritos.";"";"Información, orientación y asesoramiento sobre derechos y recursos sociales. Tramitación y gestión de servicios sociales municipales (ayudas a domicilio, teleasistencia, centros de día municipales, pisos tutelados, etc.) y prestaciones económicas necesarias en la intervención social. Gestión y tramitación de servicios y prestaciones de la Comunidad de Madrid (dependencia, residencias de mayores, discapacidad, mujer, menores, etc.) Renta Mínima de Inserción (RMI) y diferentes prestaciones económicas de inserción social. Información y gestión de los programas de prevención dirigidos a menores, adolescentes, personas adultas, mayores, etc.";"Metro: Buenos Aires (línea 1)  Bus: 54, 141, 143";"Ámbito de actuación   Barrio Numancia Barrio Portazgo (compartido con el Centro Pablo Neruda)";"1";"http://www.madrid.es/sites/v/index.jsp?vgnextchannel=bfa48ab43d6bb410VgnVCM100000171f5a0aRCRD&vgnextoid=865b66051361c010VgnVCM1000000b205a0aRCRD";"MARISMAS";"CALLE";"V";"24";"";"";"";"c/v Ramón Pérez de Ayala s/n";"MADRID";"MADRID";"28038";"6";"NUMANCIA";"13";"PUENTE DE VALLECAS";"444550";"4472507";"40.401327256909376";"-3.6534549961219147";"915 021 915 Cita previa: este teléfono estará operativo de 9 a 14 horas.";"";"cssperezayala@madrid.es";"/contenido/entidadesYorganismos/CentrosAtencionSocial/CentrosServiciosSociales"; 
11971;"Centro de Servicios Sociales Retiro";"Para recibir atención en el centro de servicios sociales, debe solicitar cita previa.  Para pedir la cita puede utilizar cualquiera de las alternativas que le ofrece Línea Madrid:    Internet en Atención Servicios Sociales           Chat online de www.madrid.es    Redes sociales  @lineamadrid de Twitter y Facebook   Teléfono 010 o marcando el 915 298 210 si llama desde fuera del municipio de Madrid.  También puede solicitar cita a través del correo electrónico o el teléfono del centro de servicios sociales en horario de 9 a 14 horas de lunes a viernes. Si necesita saber qué centro le corresponde a su zona, puede consultarlo en el siguiente listado organizado por distritos.";"";"Información, orientación y asesoramiento sobre derechos y recursos sociales. Tramitación y gestión de servicios sociales municipales (ayudas a domicilio, teleasistencia, centros de día municipales, pisos tutelados, etc.) y prestaciones económicas necesarias en la intervención social. Gestión y tramitación de servicios y prestaciones de la Comunidad de Madrid (dependencia, residencias de mayores, discapacidad, mujer, menores, etc.) Renta Mínima de Inserción (RMI) y diferentes prestaciones económicas de inserción social. Información y gestión de los programas de prevención dirigidos a menores, adolescentes, personas adultas, mayores, etc.";"Metro:  Sainz de Baranda (líneas 6 y 9)  Bus: 30 , 56 , 143 y 156";"Ámbito de actuación   Barrio Pacífico Barrio Adelfas Barrio Estrella Barrio Ibiza Barrio Jerónimos Barrio Niño Jesús";"1";"http://www.madrid.es/sites/v/index.jsp?vgnextchannel=bfa48ab43d6bb410VgnVCM100000171f5a0aRCRD&vgnextoid=dc7b66051361c010VgnVCM1000000b205a0aRCRD";"JOSE MARTINEZ DE VELASCO";"CALLE";"V";"22";"";"";"";"";"MADRID";"MADRID";"28007";"3";"ESTRELLA";"3";"RETIRO";"443346";"4473992";"40.41461489944016";"-3.667774590446818";"915 571 300";"";"cssretiro@madrid.es";"/contenido/entidadesYorganismos/CentrosAtencionSocial/CentrosServiciosSociales"; 
49836;"Centro de Servicios Sociales San Diego";"Para recibir atención en el centro de servicios sociales, debe solicitar cita previa.  Para pedir la cita puede utilizar cualquiera de las alternativas que le ofrece Línea Madrid:    Internet en Atención Servicios Sociales           Chat online de www.madrid.es    Redes sociales  @lineamadrid de Twitter y Facebook   Teléfono 010  o marcando el 915 298 210 si llama desde fuera del municipio de Madrid.  También puede solicitar cita a través del correo electrónico o el teléfono del centro de servicios sociales en horario de 9 a 14 horas de lunes a viernes. Si necesita saber qué centro le corresponde a su zona, puede consultarlo en el siguiente listado organizado por distritos.";"";"Equipamientos:   Zona Wifi   Servicios:   Información, orientación y asesoramiento sobre derechos y recursos sociales. Tramitación y gestión de servicios sociales municipales (ayudas a domicilio, teleasistencia, centros de día municipales, pisos tutelados, etc.) y prestaciones económicas necesarias en la intervención social. Gestión y tramitación de servicios y prestaciones de la Comunidad de Madrid (dependencia, residencias de mayores, discapacidad, mujer, menores, etc.) Renta Mínima de Inserción (RMI) y diferentes prestaciones económicas de inserción social. Información y gestión de los programas de prevención dirigidos a menores, adolescentes, personas adultas, mayores, etc.";"Metro:  Portazgo (línea 1)  Bus: 57, 103, 111, 144 y 310";"Ámbito de actuación   Barrio Palomeras Bajas Barrio San Diego";"1";"http://www.madrid.es/sites/v/index.jsp?vgnextchannel=bfa48ab43d6bb410VgnVCM100000171f5a0aRCRD&vgnextoid=41b3598d1351c010VgnVCM1000000b205a0aRCRD";"JAVIER DE MIGUEL";"CALLE";"NUM";"10";"";"";"";"C/V A C/ CARLOS MARTíN ALVAREZ";"MADRID";"MADRID";"28018";"3";"PALOMERAS BAJAS";"13";"PUENTE DE VALLECAS";"443671";"4471114";"40.38871930363662";"-3.663689575700872";"917 571 900 Cita previa: este teléfono estará operativo de 9 a 14 horas.";"";"csssandiego@madrid.es";"/contenido/entidadesYorganismos/CentrosAtencionSocial/CentrosServiciosSociales"; 
11958;"Centro de Servicios Sociales San Filiberto";"Para recibir atención en el centro de servicios sociales, debe solicitar cita previa.  Para pedir la cita puede utilizar cualquiera de las alternativas que le ofrece Línea Madrid:    Internet en Atención Servicios Sociales           Chat online de www.madrid.es    Redes sociales  @lineamadrid de Twitter y Facebook   Teléfono 010  o marcando el 915 298 210 si llama desde fuera del municipio de Madrid.  También puede solicitar cita a través del correo electrónico o el teléfono del centro de servicios sociales en horario de 9 a 14 horas de lunes a viernes. Si necesita saber qué centro le corresponde a su zona, puede consultarlo en el siguiente listado organizado por distritos.";"";"Información, orientación y asesoramiento sobre derechos y recursos sociales. Tramitación y gestión de servicios sociales municipales (ayudas a domicilio, teleasistencia, centros de día municipales, pisos tutelados, etc.) y prestaciones económicas necesarias en la intervención social. Gestión y tramitación de servicios y prestaciones de la Comunidad de Madrid (dependencia, residencias de mayores, discapacidad, mujer, menores, etc.) Renta Mínima de Inserción (RMI) y diferentes prestaciones económicas de inserción social. Información y gestión de los programas de prevención dirigidos a menores, adolescentes, personas adultas, mayores, etc.";"Metro: Plaza Elíptica (líneas 6 y 11)   Bus: 47, 55, 60, 81, 116, 247 y E1";"Ámbito de actuación   Barrio de Moscardó Barrio de Zofío Barrio de Pradolongo Barrio de Almendrales Barrio de Orcasitas";"1";"http://www.madrid.es/sites/v/index.jsp?vgnextchannel=bfa48ab43d6bb410VgnVCM100000171f5a0aRCRD&vgnextoid=79cb66051361c010VgnVCM1000000b205a0aRCRD";"SAN FILIBERTO";"CALLE";"V";"7";"";"";"";"";"MADRID";"MADRID";"28026";"5";"MOSCARDO";"12";"USERA";"439298";"4470826";"40.38581767783423";"-3.7151818881165277";"915 656 020 / 915 656 021";"";"csssanfiliberto@madrid.es";"/contenido/entidadesYorganismos/CentrosAtencionSocial/CentrosServiciosSociales"; 
5865468;"Centro de Servicios Sociales San Vicente de Paul";"Para recibir atención en el centro de servicios sociales, debe solicitar cita previa.  Para pedir la cita puede utilizar cualquiera de las alternativas que le ofrece Línea Madrid:    Internet en Atención Servicios Sociales           Chat online de www.madrid.es    Redes sociales  @lineamadrid de Twitter y Facebook   Teléfono 010 o marcando el 915 298 210 si llama desde fuera del municipio de Madrid.  También puede solicitar cita a través del correo electrónico o el teléfono del centro de servicios sociales en horario de 9 a 14 horas de lunes a viernes. Si necesita saber qué centro le corresponde a su zona, puede consultarlo en el siguiente listado organizado por distritos.";"";"Información, orientación y asesoramiento sobre derechos y recursos sociales. Tramitación y gestión de servicios sociales municipales (ayudas a domicilio, teleasistencia, centros de día municipales, pisos tutelados, etc.) y prestaciones económicas necesarias en la intervención social. Gestión y tramitación de servicios y prestaciones de la Comunidad de Madrid (dependencia, residencias de mayores, discapacidad, mujer, menores, etc.) Renta Mínima de Inserción (RMI) y diferentes prestaciones económicas de inserción social. Información y gestión de los programas de prevención dirigidos a menores, adolescentes, personas adultas, mayores, etc.";"Metro: Antonio Machado (línea 7)  Bus: 42, 127 y 132";"Ámbito de actuación    Barrio El Pardo Barrio Fuentelarreina Barrio Peñagrande Barrio Pilar (excepto algunas calles a consultar en el Centro de Servicios Sociales) Barrio Mirasierra (excepto algunas calles a consultar en el Centro de Servicios Sociales)";"1";"http://www.madrid.es/sites/v/index.jsp?vgnextchannel=bfa48ab43d6bb410VgnVCM100000171f5a0aRCRD&vgnextoid=4efaf29b4725c210VgnVCM2000000c205a0aRCRD";"BUITRAGO DEL LOZOYA";"CALLE";"V";"22";"";"";"";"";"MADRID";"MADRID";"28035";"3";"PEÑA GRANDE";"8";"FUENCARRAL-EL PARDO";"439255";"4480448";"40.47248462688415";"-3.716607833008478";"913 169 802 / 913 734 569";"";"csssvicentepaul@madrid.es";"/contenido/entidadesYorganismos/CentrosAtencionSocial/CentrosServiciosSociales"; 
6552184;"Centro de Servicios Sociales Santa Felicidad";"Para recibir atención en el centro de servicios sociales, debe solicitar cita previa.  Para pedir la cita puede utilizar cualquiera de las alternativas que le ofrece Línea Madrid:    Internet en Atención Servicios Sociales           Chat online de www.madrid.es   Redes sociales  @lineamadrid de Twitter y Facebook   Teléfono 010 o marcando el 915 298 210 si llama desde fuera del municipio de Madrid.  También puede solicitar cita a través del correo electrónico o el teléfono del centro de servicios sociales en horario de 9 a 14 horas de lunes a viernes. Si necesita saber qué centro le corresponde a su zona, puede consultarlo en el siguiente listado organizado por distritos.";"";"Información, orientación y asesoramiento sobre derechos y recursos sociales. Tramitación y gestión de servicios sociales municipales (ayudas a domicilio, teleasistencia, centros de día municipales, pisos tutelados, etc.) y prestaciones económicas necesarias en la intervención social. Gestión y tramitación de servicios y prestaciones de la Comunidad de Madrid (dependencia, residencias de mayores, discapacidad, mujer, menores, etc.) Renta Mínima de Inserción (RMI) y diferentes prestaciones económicas de inserción social. Información y gestión de los programas de prevención dirigidos a menores, adolescentes, personas adultas, mayores, etc.";"Metro: La Elipa (línea 2)  Bus: 15, 28, 106, 110, 113 y 210";"Ámbito de actuación   Barrio Pueblo Nuevo Barrio La Elipa";"1";"http://www.madrid.es/sites/v/index.jsp?vgnextchannel=bfa48ab43d6bb410VgnVCM100000171f5a0aRCRD&vgnextoid=a27519363a099310VgnVCM2000000c205a0aRCRD";"SANTA FELICIDAD";"CALLE";"V";"37";"";"";"";"";"MADRID";"MADRID";"28017";"";"La Elipa";"";"CIUDAD LINEAL";"444832";"4475085";"40.42457010006919";"-3.6503555607280367";"913 401 298";"";"csssfelicidad@madrid.es";"/contenido/entidadesYorganismos/CentrosAtencionSocial/CentrosServiciosSociales"; 
11967;"Centro de Servicios Sociales Santa Hortensia";"Para recibir atención en el centro de servicios sociales, debe solicitar cita previa.  Para pedir la cita puede utilizar cualquiera de las alternativas que le ofrece Línea Madrid:    Internet en Atención Servicios Sociales           Chat online de www.madrid.es   Redes sociales  @lineamadrid de Twitter y Facebook   Teléfono 010 o marcando el 915 298 210 si llama desde fuera del municipio de Madrid.  También puede solicitar cita a través del correo electrónico o el teléfono del centro de servicios sociales en horario de 9 a 14 horas de lunes a viernes. Si necesita saber qué centro le corresponde a su zona, puede consultarlo en el siguiente listado organizado por distritos.";"";"Equipamientos:   Zona Wifi   Servicios:    Información, orientación y asesoramiento sobre derechos y recursos sociales. Tramitación y gestión de servicios sociales municipales (ayudas a domicilio, teleasistencia, centros de día municipales, pisos tutelados, etc.) y prestaciones económicas necesarias en la intervención social. Gestión y tramitación de servicios y prestaciones de la Comunidad de Madrid (dependencia, residencias de mayores, discapacidad, mujer, menores, etc.) Renta Mínima de Inserción (RMI) y diferentes prestaciones económicas de inserción social. Información y gestión de los programas de prevención dirigidos a menores, adolescentes, personas adultas, mayores, etc.";"Metro: Prosperidad (línea 4), Alfonso XIII (línea 4)  Bus: 9 , 43 , 72 , 73 y 122";"Ámbito de actuación   Barrio de El Viso Barrio de Prosperidad Barrio de Ciudad Jardín Barrio de Hispanoamérica Barrio de Nueva España Barrio de Castilla";"0";"http://www.madrid.es/sites/v/index.jsp?vgnextchannel=bfa48ab43d6bb410VgnVCM100000171f5a0aRCRD&vgnextoid=cfeb66051361c010VgnVCM1000000b205a0aRCRD";"SANTA HORTENSIA";"CALLE";"V";"15";"";"";"";"";"MADRID";"MADRID";"28002";"2";"PROSPERIDAD";"5";"CHAMARTIN";"443250";"4477339";"40.44476894081767";"-3.6691931472225465";"915 106 850";"";"csstahortensia@madrid.es";"/contenido/entidadesYorganismos/CentrosAtencionSocial/CentrosServiciosSociales"; 
36367;"Centro de Servicios Sociales Teresa de Calcuta";"Para recibir atención en el centro de servicios sociales, debe solicitar cita previa.  Para pedir la cita puede utilizar cualquiera de las alternativas que le ofrece Línea Madrid:    Internet en Atención Servicios Sociales           Chat online de www.madrid.es   Redes sociales  @lineamadrid de Twitter y Facebook   Teléfono 010 o marcando el 915 298 210 si llama desde fuera del municipio de Madrid.  También puede solicitar cita a través del correo electrónico o el teléfono del centro de servicios sociales en horario de 9 a 14 horas de lunes a viernes. Si necesita saber qué centro le corresponde a su zona, puede consultarlo en el siguiente listado organizado por distritos.";"";"Información, orientación y asesoramiento sobre derechos y recursos sociales. Tramitación y gestión de servicios sociales municipales (ayudas a domicilio, teleasistencia, centros de día municipales, pisos tutelados, etc.) y prestaciones económicas necesarias en la intervención social. Gestión y tramitación de servicios y prestaciones de la Comunidad de Madrid (dependencia, residencias de mayores, discapacidad, mujer, menores, etc.) Renta Mínima de Inserción (RMI) y diferentes prestaciones económicas de inserción social. Información y gestión de los programas de prevención dirigidos a menores, adolescentes, personas adultas, mayores, etc.";"Metro: Alameda de Osuna (línea 5)  Bus: 101, 105, 112, 114, 115, 151, 200";"Ámbito de actuación   Barrio de Alameda de Osuna Barrio del Aeropuerto Barrio Casco Histórico de Barajas Barrio de Timón Barrio de Corralejos";"0";"http://www.madrid.es/sites/v/index.jsp?vgnextchannel=bfa48ab43d6bb410VgnVCM100000171f5a0aRCRD&vgnextoid=a086b3e42751c010VgnVCM2000000c205a0aRCRD";"NAVIO";"PLAZA";"V";"4";"";"";"";"";"MADRID";"MADRID";"28042";"1";"ALAMEDA DE OSUNA";"21";"BARAJAS";"450174";"4478461";"40.45531140556268";"-3.587638001688095";"913 295 920";"";"cssbarajas@madrid.es";"/contenido/entidadesYorganismos/CentrosAtencionSocial/CentrosServiciosSociales"; 
11974;"Centro de Servicios Sociales Torre Arias";"Para recibir atención en el centro de servicios sociales, debe solicitar cita previa.  Para pedir la cita puede utilizar cualquiera de las alternativas que le ofrece Línea Madrid:    Internet en Atención Servicios Sociales           Chat online de www.madrid.es    Redes sociales  @lineamadrid de Twitter y Facebook   Teléfono 010 o marcando el 915 298 210 si llama desde fuera del municipio de Madrid.  También puede solicitar cita a través del correo electrónico o el teléfono del centro de servicios sociales en horario de 9 a 14 horas de lunes a viernes. Si necesita saber qué centro le corresponde a su zona, puede consultarlo en el siguiente listado organizado por distritos.";"";"Información, orientación y asesoramiento sobre derechos y recursos sociales. Tramitación y gestión de servicios sociales municipales (ayudas a domicilio, teleasistencia, centros de día municipales, pisos tutelados, etc.) y prestaciones económicas necesarias en la intervención social. Gestión y tramitación de servicios y prestaciones de la Comunidad de Madrid (dependencia, residencias de mayores, discapacidad, mujer, menores, etc.) Renta Mínima de Inserción (RMI) y diferentes prestaciones económicas de inserción social. Información y gestión de los programas de prevención dirigidos a menores, adolescentes, personas adultas, mayores, etc.";"Metro: Canillejas (línea 5), Torre Arias (línea 5)  Bus: 48, 77, 101, 105, 114, 115, 140, 151, 153";"Ámbito de actuación:   Barrio Simancas Barrio Rosas Barrio Rejas Barrio Canillejas Barrio Salvador";"1";"http://www.madrid.es/sites/v/index.jsp?vgnextchannel=bfa48ab43d6bb410VgnVCM100000171f5a0aRCRD&vgnextoid=23ab66051361c010VgnVCM1000000b205a0aRCRD";"TORRE ARIAS";"CALLE";"V";"2";"";"";"";"";"MADRID";"MADRID";"28022";"7";"CANILLEJAS";"20";"SAN BLAS-CANILLEJAS";"448072";"4477467";"40.446228131783236";"-3.6123577639630957";"913 717 384 / 917 432 406";"";"csstorrearias@madrid.es";"/contenido/entidadesYorganismos/CentrosAtencionSocial/CentrosServiciosSociales"; 
5169789;"Centro de Servicios Sociales Valdebernardo";"Para recibir atención en el centro de servicios sociales, debe solicitar cita previa.  Para pedir la cita puede utilizar cualquiera de las alternativas que le ofrece Línea Madrid:    Internet en Atención Servicios Sociales           Chat online de www.madrid.es    Redes sociales  @lineamadrid de Twitter y Facebook   Teléfono 010 o marcando el 915 298 210 si llama desde fuera del municipio de Madrid.  También puede solicitar cita a través del correo electrónico o el teléfono del centro de servicios sociales en horario de 9 a 14 horas de lunes a viernes. Si necesita saber qué centro le corresponde a su zona, puede consultarlo en el siguiente listado organizado por distritos.";"";"Información, orientación y asesoramiento sobre derechos y recursos sociales. Tramitación y gestión de servicios sociales municipales (ayudas a domicilio, teleasistencia, centros de día municipales, pisos tutelados, etc.) y prestaciones económicas necesarias en la intervención social. Gestión y tramitación de servicios y prestaciones de la Comunidad de Madrid (dependencia, residencias de mayores, discapacidad, mujer, menores, etc.) Renta Mínima de Inserción (RMI) y diferentes prestaciones económicas de inserción social. Información y gestión de los programas de prevención dirigidos a menores, adolescentes, personas adultas, mayores, etc.";"Metro: Valdebernardo (línea 9)  Bus: 8, 71, 100, 130";"Ámbito de actuación   Barrio de Valdebernardo Barrio de Valderrivas";"1";"http://www.madrid.es/sites/v/index.jsp?vgnextchannel=bfa48ab43d6bb410VgnVCM100000171f5a0aRCRD&vgnextoid=a6fb665e5dead110VgnVCM2000000c205a0aRCRD";"LADERA DE LOS ALMENDROS";"CALLE";"V";"6";"";"";"";"";"MADRID";"MADRID";"28032";"";"CASCO HISTÓRICO VICALVARO";"";"VICALVARO";"447107";"4472693";"40.40316021249795";"-3.623339471293246";"913 016 714";"";"cssvaldebernardo@madrid.es";"/contenido/entidadesYorganismos/CentrosAtencionSocial/CentrosServiciosSociales"; 
5711384;"Centro de Servicios Sociales Vicente Ferrer";"Para recibir atención en el centro de servicios sociales, debe solicitar cita previa.  Para pedir la cita puede utilizar cualquiera de las alternativas que le ofrece Línea Madrid:    Internet en Atención Servicios Sociales           Chat online de www.madrid.es   Redes sociales  @lineamadrid de Twitter y Facebook   Teléfono 010 o marcando el 915 298 210 si llama desde fuera del municipio de Madrid.  También puede solicitar cita a través del correo electrónico o el teléfono del centro de servicios sociales en horario de 9 a 14 horas de lunes a viernes. Si necesita saber qué centro le corresponde a su zona, puede consultarlo en el siguiente listado organizado por distritos.";"";"Información, orientación y asesoramiento sobre derechos y recursos sociales. Tramitación y gestión de servicios sociales municipales (ayudas a domicilio, teleasistencia, centros de día municipales, pisos tutelados, etc.) y prestaciones económicas necesarias en la intervención social. Gestión y tramitación de servicios y prestaciones de la Comunidad de Madrid (dependencia, residencias de mayores, discapacidad, mujer, menores, etc.) Renta Mínima de Inserción (RMI) y diferentes prestaciones económicas de inserción social. Información y gestión de los programas de prevención dirigidos a menores, adolescentes, personas adultas, mayores, etc.";"Metro: Ventilla (línea 9), Plaza Castilla (línea 9)  Bus: 177  Renfe: Chamartín";"Ámbito de actuación   Barrio de Almenara Barrio de Valdeacederas Barrio Castillejos (compartido con el Centro de Servicios Sociales María Zayas)";"1";"http://www.madrid.es/sites/v/index.jsp?vgnextchannel=bfa48ab43d6bb410VgnVCM100000171f5a0aRCRD&vgnextoid=299dd12d14209210VgnVCM2000000c205a0aRCRD";"MATILDE LANDA";"CALLE";"V";"30";"";"";"";"";"MADRID";"MADRID";"28029";"4";"ALMENARA";"6";"TETUAN";"441164";"4480511";"40.47319865861951";"-3.6940834942003504";"913 148 992";"";"cssvicenteferrer@madrid.es";"/contenido/entidadesYorganismos/CentrosAtencionSocial/CentrosServiciosSociales"; 
11968;"Centro de Servicios Sociales Villa de Vallecas";"Para recibir atención en el centro de servicios sociales, debe solicitar cita previa.  Para pedir la cita puede utilizar cualquiera de las alternativas que le ofrece Línea Madrid:    Internet en Atención Servicios Sociales           Chat online de www.madrid.es   Redes sociales  @lineamadrid de Twitter y Facebook   Teléfono 010 o marcando el 915 298 210 si llama desde fuera del municipio de Madrid.  También puede solicitar cita a través del correo electrónico o el teléfono del centro de servicios sociales en horario de 9 a 14 horas de lunes a viernes. Si necesita saber qué centro le corresponde a su zona, puede consultarlo en el siguiente listado organizado por distritos.";"";"Información, orientación y asesoramiento sobre derechos y recursos sociales. Tramitación y gestión de servicios sociales municipales (ayudas a domicilio, teleasistencia, centros de día municipales, pisos tutelados, etc.) y prestaciones económicas necesarias en la intervención social. Gestión y tramitación de servicios y prestaciones de la Comunidad de Madrid (dependencia, residencias de mayores, discapacidad, mujer, menores, etc.) Renta Mínima de Inserción (RMI) y diferentes prestaciones económicas de inserción social. Información y gestión de los programas de prevención dirigidos a menores, adolescentes, personas adultas, mayores, etc.";"Metro: Villa de Vallecas (línea 1)  Bus: 54, 58, 103, 142";"Ámbito de actuación   Barrio Casco Histórico de Vallecas Barrio de Santa Eugenia Barrio Ensanche de Vallecas";"1";"http://www.madrid.es/sites/v/index.jsp?vgnextchannel=bfa48ab43d6bb410VgnVCM100000171f5a0aRCRD&vgnextoid=161c66051361c010VgnVCM1000000b205a0aRCRD";"PE&amp;Ntilde;A VEIGA";"CALLE";"V";"6";"";"";"";"";"MADRID";"MADRID";"28031";"1";"CASCO H.VALLECAS";"18";"VILLA DE VALLECAS";"447094";"4469817";"40.377259553937364";"-3.6232420703605728";"913 807 599";"";"cssvvallecas@madrid.es";"/contenido/entidadesYorganismos/CentrosAtencionSocial/CentrosServiciosSociales"; 
11960;"Centro de Servicios Sociales Yébenes";"Para recibir atención en el centro de servicios sociales, debe solicitar cita previa.  Para pedir la cita puede utilizar cualquiera de las alternativas que le ofrece Línea Madrid:    Internet en Atención Servicios Sociales           Chat online de www.madrid.es    Redes sociales  @lineamadrid de Twitter y Facebook   Teléfono 010  o marcando el 915 298 210 si llama desde fuera del municipio de Madrid.  También puede solicitar cita a través del correo electrónico o el teléfono del centro de servicios sociales en horario de 9 a 14 horas de lunes a viernes. Si necesita saber qué centro le corresponde a su zona, puede consultarlo en el siguiente listado organizado por distritos.";"";"Información, orientación y asesoramiento sobre derechos y recursos sociales. Tramitación y gestión de servicios sociales municipales (ayudas a domicilio, teleasistencia, centros de día municipales, pisos tutelados, etc.) y prestaciones económicas necesarias en la intervención social. Gestión y tramitación de servicios y prestaciones de la Comunidad de Madrid (dependencia, residencias de mayores, discapacidad, mujer, menores, etc.) Renta Mínima de Inserción (RMI) y diferentes prestaciones económicas de inserción social. Información y gestión de los programas de prevención dirigidos a menores, adolescentes, personas adultas, mayores, etc.";"Metro: Eugenia de Montijo (línea 5)  Bus: 31";"Ámbito de actuación   Barrio Lucero Barrio Aluche";"0";"http://www.madrid.es/sites/v/index.jsp?vgnextchannel=bfa48ab43d6bb410VgnVCM100000171f5a0aRCRD&vgnextoid=b26c66051361c010VgnVCM1000000b205a0aRCRD";"LOS YEBENES";"CALLE";"V";"241";"";"";"";"";"MADRID";"MADRID";"28047";"4";"ALUCHE";"10";"LATINA";"436238";"4471448";"40.391183407465824";"-3.7512812696024738";"917 196 500";"";"cssyebenes@madrid.es";"/contenido/entidadesYorganismos/CentrosAtencionSocial/CentrosServiciosSociales"; 
5211603;"Centro de Servicios Sociales Zaida";"Para recibir atención en el centro de servicios sociales, debe solicitar cita previa.  Para pedir la cita puede utilizar cualquiera de las alternativas que le ofrece Línea Madrid:    Internet en Atención Servicios Sociales           Chat online de www.madrid.es    Redes sociales  @lineamadrid de Twitter y Facebook   Teléfono 010 o marcando el 915 298 210 si llama desde fuera del municipio de Madrid.  También puede solicitar cita a través del correo electrónico o el teléfono del centro de servicios sociales en horario de 9 a 14 horas de lunes a viernes. Si necesita saber qué centro le corresponde a su zona, puede consultarlo en el siguiente listado organizado por distritos.";"";"Información, orientación y asesoramiento sobre derechos y recursos sociales. Tramitación y gestión de servicios sociales municipales (ayudas a domicilio, teleasistencia, centros de día municipales, pisos tutelados, etc.) y prestaciones económicas necesarias en la intervención social. Gestión y tramitación de servicios y prestaciones de la Comunidad de Madrid (dependencia, residencias de mayores, discapacidad, mujer, menores, etc.) Renta Mínima de Inserción (RMI) y diferentes prestaciones económicas de inserción social. Información y gestión de los programas de prevención dirigidos a menores, adolescentes, personas adultas, mayores, etc.";"Metro: Carpetana (línea 6), Oporto (línea 5 y 6)   Bus: 17, 25, 55, 119";"Ámbito de actuación   Barrio de San Isidro Barrio de Comillas Barrio de Opañel Barrio de Puerta  Bonita ( excepto algunas calles a consultar en el Centro de S. Sociales )";"1";"http://www.madrid.es/sites/v/index.jsp?vgnextchannel=bfa48ab43d6bb410VgnVCM100000171f5a0aRCRD&vgnextoid=88516a937aade110VgnVCM2000000c205a0aRCRD";"ZAIDA";"CALLE";"V";"36";"";"";"";"";"MADRID";"MADRID";"28019";"3";"SAN ISIDRO";"11";"CARABANCHEL";"437530";"4471675";"40.39332622277917";"-3.7360816376660386";"915 256 100 / 915 256 282";"";"csszaida@madrid.es";"/contenido/entidadesYorganismos/CentrosAtencionSocial/CentrosServiciosSociales"; 
10384242;"Espacio Annette Cabelli";"Recurso municipal del Departamento de Servicio Sociales del distrito Centro que forma parte del Proyecto de Intervención Social Comunitaria del mismo.Un espacio abierto a vecinas y vecinos, entidades y colectivos que trabajan por la igualdad de oportunidades, la equidad y la diversidad de géneros de la población del distrito centro.";"Lunes a viernes de 10 a 14 horas y de 16:30 a 21 horas Sábado de 10 a 21 horas Domingos y festivos cerrado.";"";"Metro: La Latina (línea 5)  Bus: M1, 002, 17, 18, 23, 35  Aparcamiento: Mercado de la Cebada (501), Plaza de la Cebada";"";"0";"http://www.madrid.es/sites/v/index.jsp?vgnextchannel=bfa48ab43d6bb410VgnVCM100000171f5a0aRCRD&vgnextoid=eddde6087c76c510VgnVCM1000001d4a900aRCRD";"RIBERA DE CURTIDORES";"CALLE";"V";"2";"1ª y entreplanta";"";"";"";"MADRID";"MADRID";"28005";"2";"EMBAJADORES";"1";"CENTRO";"439973";"4473416";"40.40919865884742";"-3.707462247531922";"913 546 043";"";"eacabelli@madrid.es";"/contenido/entidadesYorganismos/CentrosAtencionSocial/CentrosServiciosSociales"; 

